CSLAP Number,Lake Name,Waterbody Index Number,Elevation (meters),Area (hectares),Water Quality Classification,DEC Region,County,Town,Watershed Area (hectares),Mean Depth (meters),Watershed Name,Bathymetric Map available?,Public Access Description,Public Access?,Public/Private Access,Latitude,Longitude,Priority Waterbody List Number,Number of Years Sampled,Trophic State,Sampling Years,Depth (feet),Area (acres),Last Year Sampled,Georeference
153,Somerset Lake,D-66-P268,470,20.7,B,4,Delaware,Hamden,106,6.1,Delaware River,no,no,no,lakefront only,41.91008552,-75.22899983,1401-0141,22,Mesotrophic,1998-2010/2012-2024,20,51.1,2024,POINT (-75.22899983 41.91008552)
206,Yankee Lake,D- 1-12- 8-P21,438,165.8,B,3,Sullivan,Mamakating,700,1.8,Delaware River,no,no,no,private beach launch,41.58669315,-74.55911698,1402-0035,12,Mesotrophic,2006-2011/2013-2015/2017-2019/2022/2023-2024,5.9,409.5,2024,POINT (-74.55911698 41.58669315)
64,Chase Lake,Ont  19- 57- 4-P597,379,54.4,A,6,Lewis,Watson,1508,5.1,Black River,no,no,no,lakefront only,43.75856,-75.30563,0801-0321,7,Mesotrophic,1990-1994/2022/2023-2024,16.7,134.4,2024,POINT (-75.30563 43.75856)
154,Spring Lake,H-204- 2-36- 4-P81,539,10.4,B,4,Rensselaer,Sand Lake,40,4,Lower Hudson River,no,no,no,lakefront only,42.65355231,-73.42028036,1310-0045,17,Mesoligotrophic,1998-2001/2007-2011/2014-2024,13.1,25.7,2024,POINT (-73.42028036 42.65355231)
8,Glen Lake,C-134- 4-19-19-P441,121,129.5,B(T),5,Warren,Glens Falls,2970,5.6,Lake Champlain,no,yes,yes,public carry down,43.36445,-73.67313,1005-0009,32,Mesoligotrophic,1986-1990/1993-1995/1997-2024,18.4,319.9,2024,POINT (-73.67313 43.36445)
40,DeRuyter Reservoir,SR- 44-14-59-34-P56,390,225.3,B,7,Madison,DeRuyter,1011,7.2,Seneca/Oneida/Oswego Rivers,yes,no,no,private ramp,42.81419,-75.89256,0602-0086,33,Mesotrophic,1988-2010/2012-2024,23.6,556.5,2024,POINT (-75.89256 42.81419)
126,Hadlock Pond,C-134- 4-19- 8-P432,138,111.4,AA(T),5,Washington,Fort Ann,2269,5,Lake Champlain,no,yes,yes,public beach,43.4237,-73.57257,1005-0040,15,Mesoligotrophic,1997-2001/2011-2015/2017-2024,16.4,275.2,2024,POINT (-73.57257 43.4237)
195,Deer Lake,D-71-10- 6-P388/ P389,463,13,B,7,Broome,Sanford,227,1.5,Delaware River,no,no,no,lakefront only,42.05980876,-75.55360228,1404-0038,12,Eutrophic,2004-2010/2013-2015/2017-2024,4.8,32.1,2024,POINT (-75.55360228 42.05980876)
39,Eatonbrook Reservoir,SR- 44-82-P163,436,108.8,B,7,Madison,West Eaton,1804,6.2,Susquehanna River,yes,yes,yes,public ramp,42.86051,-75.6991,0602-0041,24,Mesoligotrophic,1988-2000/2010-2013/2015-2024,20.3,268.7,2024,POINT (-75.6991 42.86051)
4,Lake Waccabuc,H- 31-P44-35-P109- 6-P117,144,51.8,A,3,Westchester,South Salem,890,7.3,Lower Hudson River,no,no,no,lakefront only,41.29792356,-73.58427479,1302-0140,27,Mesoeutrophic,1986-1991/1993-1995/2006-2024,23.9,127.9,2024,POINT (-73.58427479 41.29792356)
104,Saratoga Lake,H-299-P27,62,1631.7,A,5,Saratoga,Saratoga Springs,63200,7.7,Upper Hudson River,no,yes,yes,public ramp,43.01643039,-73.74076128,1101-0012,20,Mesoeutrophic,1993-1997/2005-2011/2013/2015-2024,25.3,4030.3,2024,POINT (-73.74076128 43.01643039)
174,Pleasant Lake,H-240-144-21- 7-P745,498,98.4,B,5,Fulton,Stratford,340,6.7,Mohawk River,yes,no,no,lakefront only,43.18847245,-74.59985736,1201-0175,20,Mesoligotrophic,2000/2001/2003-2011/2013-2018/2020-2024,22,243,2024,POINT (-74.59985736 43.18847245)
17,Crooked Lake,SR- 44-14-60-P68-P73,364,46.6,B,7,Onondaga,Tully,903,4.9,Susquehanna River,yes,no,no,private ramp,42.78741,-76.14978,0602-0090,23,Mesotrophic,1986-1990/1993-1998/2009-2024,16.1,115.1,2024,POINT (-76.14978 42.78741)
13,Fulton Second Lake,Ont  19- 81-18-P782a thru P782d,520,106.2,A,6,Herkimer,Old Forge,11270,15.6,Black River,yes,yes,yes,public hand launch/ramp,43.72121,-74.91151,0801-0373,27,Mesoligotrophic,1986-1990/1996-2012/2018-2024,51.2,262.3,2024,POINT (-74.91151 43.72121)
30,Oquaga Lake,D-71- 6-4-P383,479,54.4,AA,7,Broome,Deposit,630,13.9,Delaware River,yes,no,no,lakefront only,42.02236203,-75.45929366,1404-0032,26,Mesoligotrophic,1987-1992/2002-2024,45.6,134.4,2024,POINT (-75.45929366 42.02236203)
135,Lincoln Pond,C- 48-26-P315,314,291.7,B(T),5,Essex,Elizabethtown,4000,3,Lake Champlain,no,yes,yes,public carry down,44.1431,-73.57318,1004-0090,19,Mesoligotrophic,1997-2001/2004/2008-2011/2013-2016/2018-2024,9.8,720.5,2024,POINT (-73.57318 44.1431)
81,Echo Lake,SR- 44-23-11-P81,404,25.9,C,7,Chenango,Smithville,273,4.8,Susquehanna River,no,no,no,lakefront only,42.38553,-75.85068,0602-0093,19,Mesoligotrophic,1991-1995/2002-2010/2012-2015/2021/2022/2023-2024,15.7,64,2024,POINT (-75.85068 42.38553)
212,Song Lake,SR- 44-14-60-P68-P72,363,44,B,7,Cortland,Tully,255,4,Susquehanna River,yes,no,no,lakefront only,42.76854112,-76.14687685,0602-0019,11,Mesotrophic,1988/2007-2024,13.3,108.7,2024,POINT (-76.14687685 42.76854112)
179,Tomkins Lake,H- 43- 4-P150i,123,5.2,B,3,Rockland,Stony Point,36,1.6,Lower Hudson River,no,no,no,lakefront only,41.27156789,-73.99047229,1301-0126,3,Mesotrophic,2001/2020-2024,5.2,12.8,2024,POINT (-73.99047229 41.27156789)
107,Hunt Lake,H-369-P127- 2..P129/ P130/ P131,378,54.4,B,5,Saratoga,Corinth,560,3.76,Upper Hudson River,no,no,no,lakefront only,43.25996122,-73.90574468,1104-0105,24,Mesoligotrophic,1994-1998/2002-2013/2015-2024,12.3328,134.368,2024,POINT (-73.90574468 43.25996122)
108,Jenny Lake,SL-25- 73-19-P138,377,33.7,B,5,Saratoga,Corinth,780,5.5,Upper Hudson River,no,no,no,private beach,43.26620183,-73.91267283,0905-0149,22,Mesoligotrophic,1994-1998/2001-2007/2011-2014/2016-2024,18.04,83.239,2024,POINT (-73.91267283 43.26620183)
259,Tanglewood Lake,Pa 3-58-11-4-1,423,11,B,8,Steuben,Thurston,437,1,Chemung River,no,no,no,no access,42.193635,-77.251116,0502-xxxx,4,Eutrophic,2018-2024,5,27,2024,POINT (-77.251116 42.193635)
44,Duck Lake,Ont  66-12-46-P222,121,80.3,C,7,Cayuga,Conquest,231,2.3,Seneca/Oneida/Oswego Rivers,yes,no,no,private ramp,43.14787364,-76.68958076,0704-0025,21,Eutrophic,1988/1990-1992/1994/1998/2003-2010/2015-2024,7.5,198.3,2024,POINT (-76.68958076 43.14787364)
168,Chenango Lake,SR-146-19- 6-1-P213,534,49.2,A,7,Chenango,New Berlin,180,4.3,Susquehanna River,yes,no,no,private carry down,42.58252301,-75.44134435,0601-0013,21,Mesotrophic,2000-2010/2012-2024,14.2,121.5,2024,POINT (-75.44134435 42.58252301)
133,Lake Salubria,Pa  3-58-20-P51,331,23.3,B,8,Steuben,Bath,746,3.1,Chemung River,no,no,no,lakefront only,42.32927446,-77.29298404,0502-0011,17,Mesoeutrophic,1997-2001/2003-2008/2015/2017-2024,10,57.6,2024,POINT (-77.29298404 42.32927446)
246,Palmer Lake,H- 31-P44-23-P59- 5-P61a,454,4,C,3,Putnam,Carmel,197,1.2,Lower Hudson River,no,yes,yes,private beach,41.438717,-73.673344,1302-0103,6,Eutrophic,2016-2024,4,9.2,2024,POINT (-73.673344 41.438717)
23,Cuba Lake,Pa-53-54-11- 5-P115,471,183.9,B,9,Allegany,Cuba,6606,5.2,Allegheny River,yes,yes,yes,public ramps,42.2505692,-78.2924183,0201-0016,29,Mesotrophic,1986-1988/1990/1991/1998-2000/2002-2024,17.1,454.2,2024,POINT (-78.2924183 42.2505692)
211,Ulster Heights Lake,H-139-14-38- 3-P797a,302,82.9,B,3,Ulster,Wawarsing,2380,1.7,Lower Hudson River,no,no,no,lakefront only,41.77531222,-74.4916879,1306-0120,11,Mesoeutrophic,2007-2012/2014-2019/2021/2022/2023-2024,5.5,204.8,2024,POINT (-74.4916879 41.77531222)
130,Lake Demons,Pa  3-58-31-10-P68,478,13,B,8,Steuben,Howard,75,2.5,Chemung River,no,no,no,lakefront only,42.34780148,-77.47801979,0502-0015,14,Mesoeutrophic,1997-2001/2013-2024,8.2,32.1,2024,POINT (-77.47801979 42.34780148)
26,Wolf Lake,D- 1-33-P37,460,129.5,B,3,Sullivan,Wurtsboro,490,2.1,Delaware River,no,no,no,lakefront only,41.5864138,-74.58910669,1402-0045,18,Mesoeutrophic,1987-1992/1997-2001/2013-2017/2022/2023-2024,6.9,319.9,2024,POINT (-74.58910669 41.5864138)
228,Lake Missapogue,LPB-123-1-P 661,2,31.1,B,1,Suffolk,Southhampton,619,7.3,Long Island Sound/Atlantic Ocean,no,no,no,private beach,40.92016421,-72.41925439,1701-0125,10,Mesotrophic,2011-2014/2016-2024,23.9,76.8,2024,POINT (-72.41925439 40.92016421)
156,Hyde Lake,Ont  18-P390- 1-P391,117,75.1,B,6,Jefferson,Theresa,490,3.5,Lake Ontario,yes,yes,yes,public cartop launch,44.24320076,-75.83299175,0303-0043,11,Mesoeutrophic,1999-2001/2003/2004/2008-2012/2014/2022/2023-2024,11.48,185.497,2024,POINT (-75.83299175 44.24320076)
222,Tuxedo Lake,NJ-12-15-P1007,170,116.6,AA(T),3,Orange,Tuxedo,1477,8.9,Raritan/Newark Bay,yes,no,no,lakefront only,41.19701324,-74.20907306,1501-0050,11,Mesotrophic,2008-2012/2014-2019/2021/2022/2023-2024,29.3,288,2024,POINT (-74.20907306 41.19701324)
251,Wallkill Pond,H-P464B,90,3,B,3,Ulster,Shawangunk,57,1.8,Lower Hudson River,no,no,no,no access,41.651156,-74.219314,1306-xxxx,5,Eutrophic,2017-2024,5.9,8,2024,POINT (-74.219314 41.651156)
204,Lake Rippowam,H- 31-P44-35-P109- 6..P118/ P119,144,13,B,3,Westchester,South Salem,410,2.7,Lower Hudson River,no,no,no,lakefront only,41.29997874,-73.56060449,1302-0141,14,Mesoeutrophic,2006-2011/2013-2024,8.8,32.1,2024,POINT (-73.56060449 41.29997874)
117,Silver Lake,SL- 2-59-31-P351,452,49.2,C(T),6,St. Lawrence,Clifton,145,3.7,St. Lawrence River,no,no,no,lakefront only,44.22697,-74.8264,0904-0059,24,Mesotrophic,1996-2000/2002-2010/2012-2019/2021/2022/2023-2024,12.1,121.5,2024,POINT (-74.8264 44.22697)
32,Arnold Lake,SR-190-P362,540,25.9,B(T),4,Otsego,Milford,108,8.5,Susquehanna River,no,no,no,lakefront only,42.61106105,-75.00496806,0601-0109,5,Mesoligotrophic,1987-1991/1995/2022/2023-2024,27.9,64,2024,POINT (-75.00496806 42.61106105)
232,Bedford Lake,H-31-P44-43-P127,138,10.4,B,3,Westchester,Bedford,281,1.3,Lower Hudson River,no,no,no,private lakefront only,41.19496474,-73.7037672,1302-0147,10,Eutrophic,2012-2024,4.3,25.7,2024,POINT (-73.7037672 41.19496474)
149,Mirror Lake,C- 25-26-35-3-P250,566,49.4,B(T),5,Essex,Lake Placid,400,4.2,Lake Champlain,yes,yes,yes,public hand launch,44.29043,-73.98011,1004-0067,22,Oligotrophic,1998-2001/2003-2011/2013-2024,13.8,122,2024,POINT (-73.98011 44.29043)
223,Sleepy Hollow Lake,H-202-P8f,21,131.9,A,4,Greene,Athens,3650,8.9,Lower Hudson River,no,no,no,private beach launch,42.29506437,-73.80724768,1301-0059,11,Eutrophic,2009-2024,29.3,325.8,2024,POINT (-73.80724768 42.29506437)
99,Otter Lake,Ont  66-12-35-P197- 3-P198,462,114,A,6,Oneida,Forestport,598,1.4,Black River,no,no,no,lakefront only,43.59177578,-75.11808986,0701-0004,22,Mesotrophic,1992-1996/2002-2009/2011/2013/2015-2024,4.6,281.6,2024,POINT (-75.11808986 43.59177578)
238,Pleasure Lake,D-1-38-P45,368,88,B,3,Sullivan,Fallsburg,5350,3.2,Delaware River,no,no,no,private lakefront only,41.69657135,-74.62852174,1402-0055,8,Eutrophic,2014-2024,10.5,217.6,2024,POINT (-74.62852174 41.69657135)
93,Lake Tibet,H- 55-P183e,249,15.5,B,3,Putnam,Kent,176,0.9,Lower Hudson River,no,no,no,lakefront only,41.45236306,-73.77956325,1301-0034,5,Eutrophic,1991-1993/2020-2023,3,38.3,2024,POINT (-73.77956325 41.45236306)
257,Barger Pond,H- 55-12-P181,196,12,B,3,Putnam,Putnam Valley,434,1.8,Lower Hudson River,no,no,no,private beach (2),41.359501,-73.812698,1301-0091,5,Eutrophic,2018-2024,6,30,2024,POINT (-73.812698 41.359501)
66,Duane Lake,H-221- 4-P270- 1- 9-P276a,409,13,B,4,Schenectady,Duanesburg,131,2.3,Lower Hudson River,no,no,no,lakefront only,42.74946103,-74.11232009,1311-0006,32,Eutrophic,1990-2024,7.5,32.1,2024,POINT (-74.11232009 42.74946103)
57,Canadarago Lake,SR-204-P392,389,766.6,A(T),4,Otsego,Richfield Springs,17500,10.1,Susquehanna River,yes,yes,yes,public ramp,42.81579222,-75.00644893,0601-0016,10,Mesotrophic,1989-1993/2017-2024,33.1,1893.5,2024,POINT (-75.00644893 42.81579222)
91,Round Pond,H-204- 2-36- 4- 1-P80,529,5.2,A,4,Rensselaer,Berlin,57,2.2,Lower Hudson River,no,no,no,private beach,42.6446,-73.43552,1310-0044,25,Mesotrophic,1991-1995/2001-2011/2013-2024,7.2,12.8,2024,POINT (-73.43552 42.6446)
169,Eagle Lake,H-391..39-P432..P438,288,170.9,B,5,Essex,Ticonderoga,997,5.4,Upper Hudson River,yes,yes,yes,public ramp,43.88033123,-73.58626545,1104-0235,22,Oligotrophic,2000-2024,17.7,422.1,2024,POINT (-73.58626545 43.88033123)
37,Craine Lake,SR- 44-76-P146,332,10.4,C,7,Madison,Hamilton,50,3.7,Susquehanna River,yes,no,no,private beach,42.76052,-75.55785,0602-0108,24,Mesotrophic,1988-1994/1996-1998/2000/2001/2007/2009-2024,12.1,25.7,2024,POINT (-75.55785 42.76052)
192,Weiden Pond,D-53-1-16-1-P245,295,25.9,B,3,Sullivan,Tusten,3150,1.4,Delaware River,no,no,no,private beach launches,41.59426567,-74.98280751,1401-0124,17,Eutrophic,2004-2013/2015-2024,4.6,64,2024,POINT (-74.98280751 41.59426567)
46,Bradley Brook Reservoir,SR- 44-80-P154,436,57,B,7,Madison,West Eaton,663,4.2,Susquehanna River,yes,no,no,lakefront only,42.83427692,-75.66129414,0602-0111,24,Mesotrophic,1988-2001/2011-2014/2016-2024,13.8,140.8,2024,POINT (-75.66129414 42.83427692)
205,Lake Oscaleta,H- 31-P44-35-P109- 6..P118/ P119,144,23.3,B,3,Westchester,South Salem,645,6.8,Lower Hudson River,no,no,no,lakefront only,41.29654714,-73.56154283,1302-0141,14,Mesoeutrophic,2006-2011/2013-2024,22.3,57.6,2024,POINT (-73.56154283 41.29654714)
48,Lamoka Lake,Pa  3-58-15-P47,335,334.1,A,8,Schulyer,Tyrone,7250,6.6,Chemung River,no,yes,yes,public ramp,42.39657963,-77.08490377,0502-0001,6,Eutrophic,1988-1990/2020-2024,21.6,825.2,2024,POINT (-77.08490377 42.39657963)
72,Lorton Lake,ONT-53-8-P8,285,18.2,C,7,Oswego,Albion,1000,1.4,Lake Ontario,no,no,no,private beach,43.503741,-75.89079,0303-0016,26,Mesotrophic,1990-1994/2000-2013/2015-2024,4.6,45,2024,POINT (-75.89079 43.503741)
158,Lake Luzerne,H-370-P318,190,38.9,B,5,Warren,Lake Luzerne,5710,7.3,Upper Hudson River,no,yes,yes,public cartop launch,43.32281251,-73.83249514,1104-0075,7,Mesoligotrophic,1999-2004/2020-2024,23.9,96.1,2024,POINT (-73.83249514 43.32281251)
2,Lake Carmel,H- 31-P44-23-P59- 6-P62..P62a,189,77.7,B,3,Putnam,Carmel,3405,2.4,Lower Hudson River,yes,no,no,lakefront only,41.45819409,-73.66492893,1302-0006,11,Eutrophic,1986-1990/2016-2024,7.9,191.9,2024,POINT (-73.66492893 41.45819409)
69,Geneganslet Lake,SR- 44-23-35-P88,454,41.4,B,7,Chenango,McDonough,1305,8.5,Susquehanna River,no,no,no,lakefront only,42.51645,-75.77491,0602-0096,29,Mesoligotrophic,1990-2010/2012-2016/2018-2024,27.9,102.3,2024,POINT (-75.77491 42.51645)
103,Panther Lake,Ont  66-11-P26-24-22-15-P94,183,49.2,B,7,Oswego,Constantia,398,2.6,Seneca/Oneida/Oswego Rivers,yes,no,no,private ramp,43.32937976,-75.9087266,0703-0082,12,Mesotrophic,1993-1997/2014-2024,8.4,121.5,2024,POINT (-75.9087266 43.32937976)
120,Augur Lake,C- 25- 8-P213,168,152.8,A,5,Essex,Chesterfield,1134,3,Lake Champlain,yes,no,no,lakefront only,44.45995813,-73.50007675,1004-0050,23,Mesotrophic,1997-2001/2003-2024,9.9,377.4,2024,POINT (-73.50007675 44.45995813)
21,Tuscarora Lake,Ont  66-11-P26-37-47-P164,460,124.3,B,7,Madison,Erieville,1340,4.3,Seneca/Oneida/Oswego Rivers,yes,no,no,lakefront only,42.86651821,-75.75589184,0703-0022,35,Mesotrophic,1986-2013/2015-2024,14.1,307,2024,POINT (-75.75589184 42.86651821)
28,Brant Lake,H-391-31-P347,243,556.9,AAspec,5,Warren,Brant Lake,10300,9.1,Upper Hudson River,no,yes,yes,public ramp,43.71327946,-73.7052721,1104-0037,12,Mesoligotrophic,1987-1991/1999-2003/2019-2024,29.8,1375.5,2024,POINT (-73.7052721 43.71327946)
1,Lake Lucille,NJ- 1/P977a-12-P982b,36,5.2,B,3,Rockland,New City,1091,1.2,Lower Hudson River,yes,no,no,lakefront only,41.18370102,-73.99752518,1501-0017,15,Eutrophic,1986-1990/2012-2024,3.9,12.8,2024,POINT (-73.99752518 41.18370102)
102,Lake Lincolndale,H- 31-P44-17- 5-P57a,145,7.8,B,3,Westchester,Somers,131,2,Lower Hudson River,no,no,no,private beach,41.34137587,-73.72560393,1302-0089,25,Eutrophic,1993-2005/2007-2009/2013-2024,6.5,19.3,2024,POINT (-73.72560393 41.34137587)
134,Lime Lake,Ont 158..E-23-48-3-P130,499,62.2,B,9,Cattaraugus,Machias,389,5.5,Lake Erie/Niagara River,yes,yes,yes,public carry down,42.42756932,-78.48004154,0104-0001,16,Mesoeutrophic,1997-1999/2001/2002/2005/2011-2014/2016-2024,18,153.6,2024,POINT (-78.48004154 42.42756932)
181,Taconic Pond,H-264-38-12-P1129,499,13,C(T),4,Rensselaer,Grafton,115,4.7,Upper Hudson River,no,no,no,lakefront only,42.7353162,-73.4126407,1102-0029,15,Mesoligotrophic,2002/2003/2006/2007/2009-2011/2013-2024,15.4,32.1,2024,POINT (-73.4126407 42.7353162)
150,Mohegan Lake,H- 55-11-P179,136,41.4,B,3,Westchester,Yorktown,262,2.4,Lower Hudson River,no,no,no,private beaches,41.3145921,-73.85052911,1301-0149,23,Eutrophic,1998-2024,7.9,102.3,2024,POINT (-73.85052911 41.3145921)
49,Sodus Bay,Ont  84/P96,75,1358.5,B,8,Wayne,Sodus Point,192100,3.9,Lake Ontario,no,yes,yes,public and private ramps,43.24853087,-76.95807838,0302-0020,17,Mesoeutrophic,1988-1991/2001-2005/2013-2024,12.8,3355.5,2024,POINT (-76.95807838 43.24853087)
266,Upper Rhoda Pond,H-188-55-P889,165,29.5,B,4,Columbia,Copake,306,1.2,Lower Hudson River,no,no,no,private lakefront only,42.0946999,-73.5892029,1308-0018,1,Mesotrophic,2021/2022/2023-2024,3.9,72.8,2024,POINT (-73.5892029 42.0946999)
220,We Wah Lake,NJ-12-15-P1005,151,23.3,B,3,Orange,Tuxedo,1671,2.5,Raritan/Newark Bay,no,no,no,private beach,41.21579211,-74.19463791,1501-0049,10,Mesoeutrophic,2008-2012/2014-2016/2019/2021/2022/2023-2024,8.2,57.6,2024,POINT (-74.19463791 41.21579211)
210,Little Long Pond,(MW7.1b) AO-P790-P799/ P800/ P803,5,5.2,C,1,Suffolk,Southampton,98,2.9,Long Island Sound/Atlantic Ocean,no,no,no,no access,40.93326184,-72.32088643,1701-0291,14,Mesotrophic,2006-2009/2011-2024,9.4,12.8,2024,POINT (-72.32088643 40.93326184)
183,Forest Lake,H-236-22-11-P441,475,7.8,A,4,Rensselaer,Grafton,85,2.2,Lower Hudson River,no,no,no,lakefront only,42.7319753,-73.46103404,1301-0267,15,Mesoligotrophic,2003-2006/2008-2011/2013-2024,7.2,19.3,2024,POINT (-73.46103404 42.7319753)
258,Fresh Pond,SIS-SI-P458,1,6,C,1,Suffolk,Shelter Island,73,6,Long Island Sound/Atlantic Ocean,yes,yes,yes,public carry down/ informal,41.05710637,-72.33632714,1701-0241,4,Mesoeutrophic,2018-2024,19.7,14.1,2024,POINT (-72.33632714 41.05710637)
236,Montgomery Lake,D-30-2-P186,351,7.8,B,3,Sullivan,Highland,69,4.7,Delaware River,no,no,no,private lakefront only,41.52539582,-74.91719097,1401-0091,8,Mesoeutrophic,2012-2024,15.4,19.3,2024,POINT (-74.91719097 41.52539582)
234,Tully Lake,SR-44-14-60-P68,364,93.2,B,7,Cortland,Tully,69,4.7,Susquehanna River,yes,yes,yes,public hand launch,42.77651921,-76.13528477,0602-0018,10,Mesotrophic,2012-2024,15.4,230.2,2024,POINT (-76.13528477 42.77651921)
50,Lake Bonaparte,SL-25-  7/P1- 3-55-P24,234,520.6,B,6,Lewis,Harrisville,4770,9.4,St. Lawrence River,yes,yes,yes,public ramp,44.14926394,-75.39267283,0906-0016,25,Mesoligotrophic,1988-1992/1998-2001/2007-2024,30.8,1285.9,2024,POINT (-75.39267283 44.14926394)
45,Lake Como,Ont  66-12-P296- 74-P333,399,25.9,B,7,Cayuga,Summerhill,410,2.9,Seneca/Oneida/Oswego Rivers,yes,no,no,private ramp,42.67738347,-76.30235766,0705-0029,31,Mesoeutrophic,1988-1994/1997-2024,9.5,64,2024,POINT (-76.30235766 42.67738347)
38,Lebanon Reservoir,SR- 44-79-P153,399,36.3,B(T),7,Madison,Lebanon,1289,6.4,Susquehanna River,yes,yes,yes,public ramp,42.8033211,-75.6067665,0602-0109,24,Mesoeutrophic,1988-1994/1997-2001/2003-2005/2011-2013/2015-2019/2021/2022/2023-2024,21,89.7,2024,POINT (-75.6067665 42.8033211)
82,Friends Lake,H-391-33-8-P365,278,183.9,AAspec,5,Warren,Chester,1440,4.2,Upper Hudson River,no,no,no,lakefront only,43.62589795,-73.84461464,1104-0205,24,Mesotrophic,1991-1995/2001-2010/2012-2014/2016-2022,13.8,454.2,2024,POINT (-73.84461464 43.62589795)
190,Smith Pond,Pa  3-58-31- 7-P66,493,18.1,B,8,Steuben,Howard,143,3.8,Chemung River,no,no,no,lakefront only,42.38878839,-77.47447635,0502-0012,16,Eutrophic,2003-2011/2013-2022/2024,12.3,44.7,2024,POINT (-77.47447635 42.38878839)
209,Long Pond,SIS-132-P702,4,27.9,C,1,Suffolk,Southampton,461,1,Long Island Sound/Atlantic Ocean,no,yes,yes,public launch,40.975739,-72.291392,1701-0353,6,Mesoeutrophic,2016-2024,3.3,68.9,2024,POINT (-72.291392 40.975739)
31,Melody Lake,SR- 44-14-27-23-P39,427,15.5,C,7,Cortland,Willet,500,2.1,Susquehanna River,no,no,no,lakefront only,42.470198,-75.874422,0602-0053,31,Mesoeutrophic,1987-1991/1997-2024,6.9,38.3,2024,POINT (-75.874422 42.470198)
230,Kirk Lake,H- 31-P44-14- 7-P52,179,49.2,B,3,Putnam,Carmel,1053,3.1,Lower Hudson River,no,no,no,private beach,41.38732075,-73.75234857,1302-0080,10,Eutrophic,2011-2024,10,121.5,2024,POINT (-73.75234857 41.38732075)
36,Hatch Lake,SR- 44-80-P154-1-P155,448,54.4,B,7,Madison,West Eaton,354,6.6,Susquehanna River,yes,no,no,lakefront only,42.83468044,-75.67786932,0602-0112,23,Mesotrophic,1988-1996/1998-2001/2003/2004/2011-2014/2016-2024,21.6,134.4,2024,POINT (-75.67786932 42.83468044)
215,Eagle Pond,SL(C)-32- 6-P73-26-P78/ P83,445,15.5,C,5,Franklin,Duane,132,0.4,St. Lawrence River,no,no,no,lakefront only,44.66915534,-74.27428203,0902-0104,12,Mesoligooeutrophic,2006-2013/2015-2024,1.3,38.3,2024,POINT (-74.27428203 44.66915534)
68,Galway Lake,H-240- 69-P563,259,209.8,B,5,Saratoga,Galway,2392,2.6,Mohawk River,no,no,no,lakefront only,43.03063211,-74.07539778,1201-0110,29,Mesotrophic,1990-1997/2000-2010/2012-2024,8.5,518.2,2024,POINT (-74.07539778 43.03063211)
53,Anawanda Lake,D- 1-38-3-2-P41,549,15.5,B(T),3,Sullivan,Callicoon Center,80,6.6,Delaware River,no,no,no,private beach,41.85708,-74.963,1402-0054,32,Mesoligotrophic,1988-1993/1995/1996/1998-2024,21.6,38.3,2024,POINT (-74.963 41.85708)
109,Orange Lake,H- 94- 6-P340,149,165.8,B,3,Orange,Newburgh,2703,2.5,Lower Hudson River,no,no,no,lakefront only,41.54873895,-74.1035787,1301-0008,17,Eutrophic,1994-1998/2002/2005/2011-2024,8.2,409.5,2024,POINT (-74.1035787 41.54873895)
89,Pleasant Lake,Ont  66-11-14a-P19,123,15.5,B,7,Oswego,Schroeppel,51,1.4,Seneca/Oneida/Oswego Rivers,no,no,no,lakefront only,43.23616,-76.22482,0703-0047,22,Eutrophic,1991-1995/1998/2001/2002/2007-2012/2014-2024,4.6,38.3,2024,POINT (-76.22482 43.23616)
203,Timber Lake,H- 31-P44-23-P59- 6-P62..P62a,80,2.9,B,3,Westchester,Lewisboro,85,1.5,Lower Hudson River,no,no,no,lakefront only,41.29387045,-73.66304989,1302-0006,11,Eutrophic,2006/2009-2011/2014-2019/2021/2022/2023-2024,4.9,7.2,2024,POINT (-73.66304989 41.29387045)
160,Lake of the Woods,SL-25-  7/P1- 3-17-P 9,100,67.3,C,6,Jefferson,Alexandria,270,13,St. Lawrence River,yes,yes,yes,public cartop launch,44.31551181,-75.72710782,0906-0038,16,Oligotrophic,1999-2005/2008/2015-2019/2021/2022/2023-2024,42.6,166.2,2024,POINT (-75.72710782 44.31551181)
100,Peck Lake,H-240-127-25-P686,424,554.3,C,5,Fulton,Bleeker,4960,5.8,Mohawk River,no,no,no,private ramp,43.11461031,-74.41234212,1201-0016,18,Mesoligotrophic,1992-1996/2008-2012/2014-2024,19,1369.1,2024,POINT (-74.41234212 43.11461031)
59,Robinson Pond,H-188-P902,162,46.6,B(T),4,Columbia,Copake,906,4,Lower Hudson River,no,yes,yes,public beach,42.11876,-73.55578,1308-0003,19,Eutrophic,1989-1993/2007-2012/2014-2024,13.1,115.1,2024,POINT (-73.55578 42.11876)
265,Waneta Lake,Pa 3-58-15-P47- 4-P48,334,317.5,A,8,Schuyler,Tyrone,2544,4,Chemung River,yes,yes,yes,public launch,42.4445,-77.101799,0502-0002,2,Eutrophic,2020-2024,12,784.5,2024,POINT (-77.101799 42.4445)
260,Seven Hills Lake,H- 31-P44-23..P76..P77c,194,19,B,3,Putnam,Kent,1513,1.8,Lower Hudson River,no,no,no,no access,41.4841003,-73.7491989,1302-0121,3,Mesoeutrophic,2019-2024,5.9,47,2024,POINT (-73.7491989 41.4841003)
136,Loon Lake,Pa  3-58-38..P79,518,67.3,B,8,Steuben,Wayland,602,6.1,Chemung River,no,no,no,lakefront only,42.49276274,-77.56723663,0502-0039,28,Mesotrophic,1997-2024,20,166.2,2024,POINT (-77.56723663 42.49276274)
90,Plymouth Reservoir,SR- 44-54- 8-P107,534,31.1,B,7,Chenango,Plymouth,434,1.3,Susquehanna River,no,no,no,lakefront only,42.58810121,-75.6511257,0602-0014,30,Mesotrophic,1991-2010/2012-2024,4.3,76.8,2024,POINT (-75.6511257 42.58810121)
113,Indian Lake,H- 55- 2- 4-P167,150,20.7,A,3,Putnam,Putnam Valley,88.8,9.2,Lower Hudson River,no,no,no,lakefront only,41.3731,-73.8877,1301-0143,24,Mesotrophic,1994-1996/1998-2001/2003-2011/2013-2024,30.176,51.129,2024,POINT (-73.8877 41.3731)
196,Grass Lake,SL-25-  7/P1- 5-P51,98,129.5,C,6,St. Lawrence,Rossie,955,7.2,St. Lawrence River,no,yes,yes,public carry down,44.3344264,-75.7149427,0906-0060,16,Mesotrophic,2004-2011/2013-2019/2021/2022/2023-2024,23.7,319.9,2024,POINT (-75.7149427 44.3344264)
73,Lake Peekskill,H- 55- 7-P171,89,23.3,B,3,Putnam,Putnam Valley,286,3.7,Lower Hudson River,yes,no,no,lakefront only,41.3400698,-73.88260749,1301-0147,28,Mesoeutrophic,1990-1994/1996/1998/2000-2010/2012/2014-2024,12.1,57.6,2024,POINT (-73.88260749 41.3400698)
216,Beaver Dam Lake,H- 89-12-P234,101,164,B,3,Orange,Blooming Grove,66,3.5,Lower Hudson River,no,no,no,lakefront only,41.44295286,-74.11541711,1303-0021,10,Eutrophic,2008-2018/2021/2022/2023-2024,11.6,405.1,2024,POINT (-74.11541711 41.44295286)
224,Upper Little York Lake,SR- 44-14-60-P67,351,41.4,B,7,Cortland,Homer,7860,9.9,Susquehanna River,yes,yes,yes,public ramp,42.70306702,-76.15626802,0602-0017,12,Mesoligotrophic,2009-2013/2015-2018/2020-2024,32.4,102.3,2024,POINT (-76.15626802 42.70306702)
250,Lower Rhoda Lake,H-188-55-P888,153,21,B,4,Columbia,Copake,714,9,Lower Hudson River,no,no,no,no access,42.07931753,-73.5941095,1308-0018,5,Mesotrophic,2017-2024,29.5,58,2024,POINT (-73.5941095 42.07931753)
194,Guilford Lake,SR-146- 1-P188,475,28.5,AA,7,Chenango,Guilford,213,8.9,Susquehanna River,yes,yes,yes,public carry down,42.41304892,-75.49939567,0601-0012,15,Mesotrophic,2004-2008/2012-2024,29.3,70.4,2024,POINT (-75.49939567 42.41304892)
41,Cazenovia Lake,Ont  66-11-P26-37-35-P153,363,479.2,A,7,Madison,Cazenovia,2230,7.1,Seneca/Oneida/Oswego Rivers,yes,yes,yes,public carry down,42.94983172,-75.87397824,0703-0021,30,Mesoligotrophic,1988-2002/2004-2009/2011-2024,23.3,1183.6,2024,POINT (-75.87397824 42.94983172)
163,Mariaville Lake,H-240- 70-P570,388,80.3,B,4,Schenectady,Duanesburg,730,1.7,Mohawk River,no,no,no,lakefront only,42.82845637,-74.12632175,1201-0113,18,Eutrophic,1999-2011/2014-2018/2022/2023-2024,5.6,198.3,2024,POINT (-74.12632175 42.82845637)
132,Lake Guymard,D- 1-10-P14,216,13,B,3,Orange,Mount Hope,111,2,Delaware River,no,no,no,lakefront only,41.42918,-74.59938,1402-0031,12,Mesotrophic,1996-2001/2003/2011-2013/2018/2019/2021/2022/2023-2024,6.6,32.1,2024,POINT (-74.59938 41.42918)
137,Millsite Lake,SL-25-  7/P1- 8- P54..P55,91,204.6,B,6,Jefferson,Theresa,420,12.8,St. Lawrence River,yes,yes,yes,public ramp,44.29094033,-75.77577538,0906-0064,25,Mesoligotrophic,1997-2024,42,505.4,2024,POINT (-75.77577538 44.29094033)
229,Barrett Pond,H-31-P 44-23-P 67-5-P 71,237,28.5,B,3,Putnam,Kent,166,4.9,Lower Hudson River,no,no,no,lakefront only,41.43394508,-73.74063288,1302-0115,10,Eutrophic,2011-2015/2017-2024,16.1,70.4,2024,POINT (-73.74063288 41.43394508)
166,Lake Sunnyside,C-134- 4-19-19-P440,107,10.4,B,5,Warren,Queensbury,63,4.6,Lake Champlain,no,no,no,lakefront only,43.37534871,-73.63978734,1005-0047,15,Mesoligotrophic,1999-2003/2011-2015/2017-2024,15,25.7,2024,POINT (-73.63978734 43.37534871)
138,Sepasco Lake,H-158-13- 3-P826,95,10.4,B,3,Dutchess,Red Hook,149,4.2,Lower Hudson River,no,no,no,lakefront only,41.95946814,-73.83853195,1301-0214,23,Mesotrophic,1997-2001/2003-2011/2013-2024,13.9,25.7,2024,POINT (-73.83853195 41.95946814)
83,Kasoag Lake,Ont  66-11-P26-24-P109,189,23.3,B,7,Oswego,Williamstown,2269,2.1,Seneca/Oneida/Oswego Rivers,no,yes,yes,public hand launch,43.4727955,-75.92304134,0703-0087,24,Mesotrophic,1991-1995/2001-2010/2012-2015/2017-2024,6.888,57.551,2024,POINT (-75.92304134 43.4727955)
98,Moon Lake,SL-25- 50-P71,119,88.1,C,6,Jefferson,Theresa,370,3.7,St. Lawrence River,yes,yes,yes,public cartop launch,44.2524702,-75.73780869,0905-0093,5,Eutrophic,1992-1996/2016/2022/2023-2024,12.1,217.6,2024,POINT (-75.73780869 44.2524702)
67,East Caroga Lake,H-240-127-P697,442,139.9,B,5,Fulton,Caroga,300,3.9,Mohawk River,yes,yes,yes,public ramp,43.12772642,-74.4840928,1201-0046,27,Mesoligotrophic,1990-1994/2000-2010/2012-2022,12.8,345.6,2024,POINT (-74.4840928 43.12772642)
244,Rushford Lake,ONT-117-136-P146,439,231.6,B(T),9,Allegany,Rushford,2797,14.3,Lake Ontario,yes,yes,yes,public launch,42.37690837,-78.20054551,0403-0024,5,Mesoligotrophic,2016-2019/2021/2022/2023-2024,47,572.3,2024,POINT (-78.20054551 42.37690837)
240,Lake Pleasant,H-369-P313,526,583,AA,5,Hamilton,Lake Pleasant,3201,8.8,Upper Hudson River,yes,yes,yes,public hand launch,43.47756539,-74.37739339,1104-0051,5,Oligotrophic,2012/2014-2016/2020-2022,28.9,1439.5,2024,POINT (-74.37739339 43.47756539)
235,Big Bowman Lake,H-236-24-PN444,430,13,B,4,Rensselaer,Sand Lake,235,4.5,Lower Hudson River,no,no,no,private lakefront only,42.64871364,-73.4881489,1301-0270,8,Mesotrophic,2013-2024,14.8,32.1,2024,POINT (-73.4881489 42.64871364)
78,Beaver Lake,SR- 99- 1-P174,446,15.5,C,7,Broome,Windsor,136,2.3,Susquehanna River,no,no,no,lakefront only,42.04553,-75.66561,0601-0066,23,Mesoeutrophic,1991-1994/2002-2010/2012-2024,7.5,38.3,2024,POINT (-75.66561 42.04553)
52,Queechy Lake,H-204- 2-10-P57,311,51.8,B(T),4,Columbia,Canaan,220,5.6,Lower Hudson River,yes,yes,yes,public carry down,42.4069689,-73.41588633,1310-0033,31,Mesoligotrophic,1988-1992/1998-2024,18.4,127.9,2024,POINT (-73.41588633 42.4069689)
95,Warn Lake,SR- 44-P94,285,13,C,7,Chenango,Oxford,269,3.7,Susquehanna River,no,no,no,lakefront only,42.37451,-75.6464,0602-0116,26,Mesotrophic,1991-1995/2001-2010/2012-2023,12.1,32.1,2024,POINT (-75.6464 42.37451)
29,Babcock Lake,H-264- 4-P1095-3-6-P1109,404,18.1,A,4,Rensselaer,Grafton,120,4.6,Upper Hudson River,no,no,no,private beach,42.81738617,-73.39949441,1102-0014,34,Mesoligotrophic,1987-2024,15.1,44.7,2024,POINT (-73.39949441 42.81738617)
20,Petonia Lake,SR- 44-23- 3-P78,291,10.4,A,7,Chenango,Greene,179,4.5,Susquehanna River,yes,no,no,lakefront only,42.33173,-75.79847,0602-0092,26,Mesoligotrophic,1986-1990/2001-2024,14.8,25.7,2024,POINT (-75.79847 42.33173)
176,Canada Lake,H-240-144 (portion 1a)/P703a,473,51.8,B,5,Fulton,Caroga,10857,21.3,Mohawk River,yes,yes,yes,public ramp,43.16706344,-74.51833942,1201-0150,20,Mesoligotrophic,2001-2010/2012-2024,69.9,127.9,2024,POINT (-74.51833942 43.16706344)
12,Butterfield Lake,SL-25-  7/P1- 8- P54,85,406.6,B,6,Jefferson,Redwood,1720,4.4,St. Lawrence River,yes,yes,yes,public ramp,44.31828057,-75.77491942,0906-0020,35,Mesoeutrophic,1986-1990/1992-2010/2012-2024,14.4,1004.3,2024,POINT (-75.77491942 44.31828057)
18,Lake Moraine,SR- 44-78-P152,369,101,B,7,Madison,Hamilton,2113,5.5,Susquehanna River,yes,yes,yes,public ramp,42.85575841,-75.51734423,0602-0007,36,Mesoeutrophic,1986-2024,18,249.5,2024,POINT (-75.51734423 42.85575841)
225,Roaring Brook Lake,H- 55-18-P183a,236,46.6,B,3,Putnam,Putnam Valley,466,2,Lower Hudson River,no,no,no,private beach,41.43920316,-73.80795447,1301-0037,11,Mesotrophic,2009-2013/2015-2024,6.6,115.1,2024,POINT (-73.80795447 41.43920316)
164,Peach Lake,H- 31-P44-24- P89-10-P93,162,101,B,3,Putnam,Southeast,444,3.7,Lower Hudson River,no,no,no,lakefront only,41.36288373,-73.5798748,1302-0004,20,Mesoeutrophic,1999-2008/2010/2011/2013-2024,12.1,249.5,2024,POINT (-73.5798748 41.36288373)
114,Sagamore Lake,SL- 1-P109..P293- 6-P313,200,46.6,B,3,Putnam,Kent,1708,2.3,Lower Hudson River,no,no,no,lakefront only,41.47278581,-73.78145824,0903-0209,6,Mesotrophic,1994-1997/2020-2024,7.5,115.1,2024,POINT (-73.78145824 41.47278581)
145,West Caroga Lake,H-240-127-P698,444,126.9,B,5,Fulton,Caroga,1440,10.4,Mohawk River,yes,no,no,lakefront only,43.1366985,-74.49605528,1201-0144,7,Mesoligotrophic,1997-2001/2007/2019-2024,34.1,313.4,2024,POINT (-74.49605528 43.1366985)
25,Silver Lake,Ont 117- 70-P115,412,328.9,A,9,Wyoming,Perry,5230,7.2,Genesee River,no,yes,yes,public ramp,42.69561,-78.03417,0403-0002,24,Eutrophic,1986-1990/1996/1997/2006-2024,23.6,812.4,2024,POINT (-78.03417 42.69561)
96,Cossayuna Lake,H-301-17-P79,147,266.8,A,5,Washington,Argyle,3060,3.7,Upper Hudson River,no,yes,yes,public ramp,43.20579516,-73.42319407,1103-0002,27,Eutrophic,1992-1996/1998-2010/2012-2024,12.1,659,2024,POINT (-73.42319407 43.20579516)
267,Mountain Lake,D-10-18-P114,366,23.7,B,3,Sullivan,Smallwood,2253,2,Delaware River,no,no,no,private lakefront only,41.657101,-74.814796,1401-0058,1,Eutrophic,2021/2022/2023-2024,6.6,58.6,2024,POINT (-74.814796 41.657101)
249,Long Pond,H-188-55-P 887,153,5,B,4,Columbia,Ancram,797,4,Lower Hudson River,no,no,no,no access,42.068622,-73.591409,1308-0018,5,Mesotrophic,2017-2024,13.1,13,2024,POINT (-73.591409 42.068622)
231,Buckingham Lake,H-221-P 302/  P 303,61,2.4,C,4,Albany,Albany,64,0.9,Lower Hudson River,no,no,no,lakefront only,42.66355226,-73.80713591,1301-xxxx,8,Eutrophic,2011-2014/2018-2024,3,5.9,2024,POINT (-73.80713591 42.66355226)
245,Jamesville Reservoir,ONT-66-11-P26-37-6-P144,195,90.528178,AA,7,Onondaga,Jamesville,11292.35,4.297,Lake Ontario,yes,yes,yes,public launch,42.97363139,-76.06901886,0703-0015,6,Mesotrophic,2016-2024,14.09416,223.7,2024,POINT (-76.06901886 42.97363139)
221,Little We Wah Lake,NJ-12-15-P 1006,160,4.5,B,3,Orange,Tuxedo,1568,2.2,Raritan/Newark Bay,no,no,no,lakefront only,41.21061085,-74.20045471,1501-0049,11,Mesoeutrophic,2008-2012/2014-2019/2021/2022/2023-2024,7.1,11.1,2024,POINT (-74.20045471 41.21061085)
147,Java Lake,Ont 158..E-23-P152,504,20.7,B,9,Wyoming,Java,270,2.585,Lake Erie/Niagara River,no,no,no,private beach,42.63184537,-78.34372495,0104-0004,16,Eutrophic,1998/1999/2007-2024,8.4788,51.129,2024,POINT (-78.34372495 42.63184537)
226,China Pond,H-31-P 44-23-3-P 75,234,18.1,B,3,Putnam,Kent,121,7.1,Lower Hudson River,no,no,no,lakefront only,41.44174532,-73.74349638,1302-0118,10,Eutrophic,2011-2014/2016-2024,23.1,44.7,2024,POINT (-73.74349638 41.44174532)
88,Lake Placid,C- 25-26-35-5-P254,566,1134.4,AAspec,5,Essex,North Elba,5140,8.8,Lake Champlain,yes,yes,yes,public ramp,44.32225577,-73.97380522,1004-0068,31,Oligotrophic,1991-2024,28.9,2802,2024,POINT (-73.97380522 44.32225577)
170.1,Deer River Flow,SL(C)-32- 6-P73,444,148,C(T),5,Franklin,Duane,7166,1.1,St. Lawrence River,no,yes,yes,public hand launch,44.6533,-74.3061,0902-0102,10,Mesoeutrophic,2000-2003/2006/2012/2014/2018-2024,3.6,365,2024,POINT (-74.3061 44.6533)
213,Stissing Lake,H-101-P408/P409/P410,138,28.5,B,3,Dutchess,Pine Plains,555,3.5,Lower Hudson River,yes,yes,yes,public ramp,41.97146662,-73.67365617,1305-0010,10,Mesoeutrophic,2007-2012/2014/2017-2024,11.6,70.4,2024,POINT (-73.67365617 41.97146662)
175,Brantingham Lake,Ont  19- 70- 4-P689,377,132.2,A,6,Lewis,Greig,658,8.6,Black River,yes,no,no,lakefront only,43.69491587,-75.27408883,0801-0176,19,Mesoligotrophic,2001-2010/2012-2014/2016-2024,28.2,326.5,2024,POINT (-75.27408883 43.69491587)
122,Burden Lake,H-235-P386,191,148,B,4,Rensselaer,Sand Lake,1130,3,Lower Hudson River,yes,no,no,lakefront only,42.60194324,-73.56202837,1301-0025,20,Mesotrophic,1997-1999/2003-2011/2013-2024,9.8,365.6,2024,POINT (-73.56202837 42.60194324)
58,Little Fresh Pond,(MW6.3c) GB..LPB-123..P661/ P662,3,7.8,B,1,Suffolk,Southhampton,224,3,Long Island Sound/Atlantic Ocean,no,no,no,lakefront only,40.91817051,-72.408429,1701-0125,27,Eutrophic,1989-1993/2000/2002-2024,9.8,19.3,2024,POINT (-72.408429 40.91817051)
177,Lake Forest,H-370-P328,217,18.1,B,5,Warren,Lake Luzerne,308,1.6,Upper Hudson River,no,no,no,lakefront only,43.367216,-73.790681,1104-0184,18,Mesotrophic,2001-2010/2012-2024,5.1,44.7,2024,POINT (-73.790681 43.367216)
268,Round Lake,H-260-P1089,47,130,B,5,Saratoga,Malta,7019,2.1,Upper Hudson River,yes,yes,yes,pubic ramp,42.93,-73.78,1101-0060,1,Mesoeutrophic,2022/2023-2024,7,321,2024,POINT (-73.78 42.93)
269,Indian Falls Lake,ONT-158-12-20A-P5214,240,,,8,Genesee,Pembroke,49,,Lake Erie/Niagara River,,,,private,43.028,-78.407,,1,Eutrophic,2022/2023-2024,,,2024,POINT (-78.407 43.028)
270,Afton Lake,SR-P180,313,8,B,7,Chenango,Afton,88,8.2,Susquehanna River,no,no,no,private,42.24,-75.51,0601-0010,1,Mesotrophic,2022/2023-2024,27,19,2024,POINT (-75.51 42.24)
272,York Lake,D-34-P203,340,42,B,3,Sullivan,Highland,132,,Delaware River,no,no,no,private,41.5,-74.97,1401-0099,1,Mesoligotrophic,2022/2023-2024,,103,2024,POINT (-74.97 41.5)
273,Lochada Lake,D-16-5-P170,375,37,B,3,Sullivan,Lumberland,184,9.7,Delaware River,no,no,no,private,41.49,-74.86,1401-0079,1,Mesoeutrophic,2022/2023,31.8,92,2024,POINT (-74.86 41.49)
199,Lake George,C-101-P367,96,11401,AA-S,5,Warren,Hague,60372,14.5,Lake Champlain,yes,yes,yes,public launch,43.5585,-73.62831,1006-0016,17,Oligotrophic,2001/2004-2014/2017-2023,47.6,28173,2024,POINT (-73.62831 43.5585)
256,Otisco,ONT-66-12-12-P154-6-P175,239,894,AA,7,Onondaga,Spafford,10981,10.2,Oswego River,yes,yes,yes,public launch,42.8745,-76.29633,0702-0011,6,Mesotrophic,2017-2024,33.5,2210,2024,POINT (-76.29633 42.8745)
51,Black Lake,SL-25-7-P1,85,3380,B,6,St Lawrence,Morristown,144400,2.5,St. Lawrence River,yes,yes,yes,public launch,44.50507,-75.58288,0906-0001,34,Etrophic,1988-2019/2021/2022/2023-2024,8.2,8352,2024,POINT (-75.58288 44.50507)
61.1,Owasco Lake,ONT-66-12-43-P212,216,2745,AA(T),7,Cayuga,Fleming,52480,29.1,Oswego River,yes,yes,yes,public launch,42.83135,-76.50767,0706-0009,12,Mesoligotrophic,1989-1994/2017-2024,95.5,6784,2024,POINT (-76.50767 42.83135)
